,stars,total_closed_issues
count,10.0,10.0
mean,32725.7,4421.3
std,18587.663047480357,6309.889100099585
min,6660.0,0.0
max,59013.0,18577.0
